,Title,Availability,Rating,Price_in_pounds,Price_in_rupiah
0,A Light in the ...,Available,3,51.77,1035400
1,Tipping the Velvet,Available,1,53.74,1074800
2,Soumission,Available,1,50.1,1002000
3,Sharp Objects,Available,4,47.82,956400
4,Sapiens: A Brief History ...,Available,5,54.23,1084600
5,The Requiem Red,Available,1,22.65,453000
6,The Dirty Little Secrets ...,Available,4,33.34,666800
7,The Coming Woman: A ...,Available,3,17.93,358600
8,The Boys in the ...,Available,4,22.6,452000
9,The Black Maria,Available,1,52.15,1043000
10,Starving Hearts (Triangular Trade ...,Available,2,13.99,279800
11,Shakespeare's Sonnets,Available,4,20.66,413200
12,Set Me Free,Available,5,17.46,349200
13,Scott Pilgrim's Precious Little ...,Available,5,52.29,1045800
14,Rip it Up and ...,Available,5,35.02,700400
15,Our Band Could Be ...,Available,3,57.25,1145000
16,Olio,Available,1,23.88,477600
17,Mesaerion: The Best Science ...,Available,1,37.59,751800
18,Libertarianism for Beginners,Available,2,51.33,1026600
19,It's Only the Himalayas,Available,2,45.17,903400
20,In Her Wake,Available,1,12.84,256800
21,How Music Works,Available,2,37.32,746400
22,Foolproof Preserving: A Guide ...,Available,3,30.52,610400
23,Chase Me (Paris Nights ...,Available,5,25.27,505400
24,Black Dust,Available,5,34.53,690600
25,Birdsong: A Story in ...,Available,3,54.64,1092800
26,America's Cradle of Quarterbacks: ...,Available,3,22.5,450000
27,Aladdin and His Wonderful ...,Available,3,53.13,1062600
28,Worlds Elsewhere: Journeys Around ...,Available,5,40.3,806000
29,Wall and Piece,Available,4,44.18,883600
30,The Four Agreements: A ...,Available,5,17.66,353200
31,The Five Love Languages: ...,Available,3,31.05,621000
32,The Elephant Tree,Available,5,23.82,476400
33,The Bear and the ...,Available,1,36.89,737800
34,Sophie's World,Available,5,15.94,318800
35,Penny Maybe,Available,3,33.29,665800
36,Maude (1883-1993):She Grew Up ...,Available,2,18.02,360400
37,"In a Dark, Dark ...",Available,1,19.63,392600
38,Behind Closed Doors,Available,4,52.22,1044400
39,You can't bury them ...,Available,2,33.63,672600
40,Slow States of Collapse: ...,Available,3,57.31,1146200
41,Reasons to Stay Alive,Available,2,26.41,528200
42,Private Paris (Private #10),Available,5,47.61,952200
43,#HigherSelfie: Wake Up Your ...,Available,5,23.11,462200
44,Without Borders (Wanderlove #1),Available,2,45.07,901400
45,When We Collided,Available,1,31.77,635400
46,"We Love You, Charlie ...",Available,5,50.27,1005400
47,Untitled Collection: Sabbath Poems ...,Available,4,14.27,285400
48,Unseen City: The Majesty ...,Available,4,44.18,883600
49,Unicorn Tracks,Available,3,18.78,375600
50,Unbound: How Eight Technologies ...,Available,1,25.52,510400
51,Tsubasa: WoRLD CHRoNiCLE 2 ...,Available,1,16.28,325600
52,Throwing Rocks at the ...,Available,3,31.12,622400
53,This One Summer,Available,4,19.49,389799
54,Thirst,Available,5,17.27,345400
55,The Torch Is Passed: ...,Available,1,19.09,381800
56,The Secret of Dreadwillow ...,Available,1,56.13,1122600
57,The Pioneer Woman Cooks: ...,Available,1,56.41,1128200
58,The Past Never Ends,Available,4,56.5,1130000
59,The Natural History of ...,Available,3,45.22,904400
60,The Nameless City (The ...,Available,4,38.16,763199
61,The Murder That Never ...,Available,3,54.11,1082200
62,The Most Perfect Thing: ...,Available,4,42.96,859200
63,The Mindfulness and Acceptance ...,Available,4,23.89,477800
64,The Life-Changing Magic of ...,Available,3,16.77,335400
65,The Inefficiency Assassin: Time ...,Available,5,20.59,411800
66,The Gutsy Girl: Escapades ...,Available,1,37.13,742600
67,The Electric Pencil: Drawings ...,Available,1,56.06,1121200
68,The Death of Humanity: ...,Available,4,58.11,1162200
69,The Bulletproof Diet: Lose ...,Available,3,49.05,981000
70,The Art Forger,Available,3,40.76,815200
71,The Age of Genius: ...,Available,1,19.73,394600
72,The Activist's Tao Te ...,Available,5,32.24,644800
73,Spark Joy: An Illustrated ...,Available,4,41.83,836600
74,Soul Reader,Available,2,39.58,791600
75,Security,Available,2,39.25,785000
76,"Saga, Volume 6 (Saga ...",Available,3,25.02,500400
77,"Saga, Volume 5 (Saga ...",Available,2,51.04,1020800
78,Reskilling America: Learning to ...,Available,2,19.83,396599
79,"Rat Queens, Vol. 3: ...",Available,3,50.4,1008000
80,"Princess Jellyfish 2-in-1 Omnibus, ...",Available,5,13.61,272200
81,Princess Between Worlds (Wide-Awake ...,Available,5,13.34,266800
82,"Pop Gun War, Volume ...",Available,1,18.97,379400
83,"Political Suicide: Missteps, Peccadilloes, ...",Available,2,36.28,725600
84,Patience,Available,3,10.16,203200
85,"Outcast, Vol. 1: A ...",Available,4,15.44,308800
86,orange: The Complete Collection ...,Available,1,48.41,968199
87,Online Marketing for Busy ...,Available,1,46.35,927000
88,On a Midnight Clear,Available,3,14.07,281400
89,Obsidian (Lux #1),Available,2,14.86,297200
90,My Paris Kitchen: Recipes ...,Available,2,33.37,667400
91,Masks and Shadows,Available,2,56.4,1128000
92,Mama Tried: Traditional Italian ...,Available,4,14.02,280400
93,"Lumberjanes, Vol. 2: Friendship ...",Available,2,46.91,938199
94,"Lumberjanes, Vol. 1: Beware ...",Available,3,45.61,912200
95,Lumberjanes Vol. 3: A ...,Available,2,19.92,398400
96,"Layered: Baking, Building, and ...",Available,1,40.11,802200
97,Judo: Seven Steps to ...,Available,2,53.9,1078000
98,Join,Available,5,35.67,713400
99,In the Country We ...,Available,4,22.0,440000
100,Immunity: How Elie Metchnikoff ...,Available,5,57.36,1147200
101,"I Hate Fairyland, Vol. ...",Available,2,29.17,583400
102,I am a Hero ...,Available,3,54.63,1092600
103,How to Be Miserable: ...,Available,1,46.03,920600
104,Her Backup Boyfriend (The ...,Available,1,33.97,679400
105,"Giant Days, Vol. 2 ...",Available,2,22.11,442200
106,Forever and Forever: The ...,Available,3,29.69,593800
107,First and First (Five ...,Available,4,15.97,319400
108,Fifty Shades Darker (Fifty ...,Available,1,21.96,439200
109,Everydata: The Misinformation Hidden ...,Available,2,54.35,1087000
110,Don't Be a Jerk: ...,Available,2,37.97,759400
111,Danganronpa Volume 1,Available,4,51.99,1039800
112,Crown of Midnight (Throne ...,Available,3,43.29,865800
113,"Codename Baboushka, Volume 1: ...",Available,4,36.72,734400
114,Camp Midnight,Available,4,17.08,341599
115,Call the Nurse: True ...,Available,5,29.14,582800
116,Burning,Available,3,28.81,576200
117,Bossypants,Available,2,49.46,989200
118,"Bitch Planet, Vol. 1: ...",Available,2,37.92,758400
119,Avatar: The Last Airbender: ...,Available,2,28.09,561800
120,Algorithms to Live By: ...,Available,1,30.81,616200
121,A World of Flavor: ...,Available,1,42.95,859000
122,"A Piece of Sky, ...",Available,5,56.76,1135200
123,A Murder in Time,Available,1,16.64,332800
124,A Flight of Arrows ...,Available,5,55.53,1110600
125,A Fierce and Subtle ...,Available,4,28.13,562600
126,A Court of Thorns ...,Available,1,52.37,1047400
127,(Un)Qualified: How God Uses ...,Available,5,54.0,1080000
128,You Are What You ...,Available,4,21.87,437400
129,William Shakespeare's Star Wars: ...,Available,4,43.3,866000
130,Tuesday Nights in 1980,Available,2,21.04,420800
131,Tracing Numbers on a ...,Available,3,41.6,832000
132,Throne of Glass (Throne ...,Available,3,35.07,701400
133,Thomas Jefferson and the ...,Available,1,59.64,1192800
134,Thirteen Reasons Why,Available,1,52.72,1054400
135,The White Cat and ...,Available,4,58.08,1161600
136,The Wedding Dress,Available,1,24.12,482400
137,The Vacationers,Available,4,42.15,843000
138,The Third Wave: An ...,Available,5,12.61,252200
139,The Stranger,Available,4,17.44,348800
140,The Shadow Hero (The ...,Available,1,33.14,662800
141,The Secret (The Secret ...,Available,4,27.37,547400
142,The Regional Office Is ...,Available,5,51.36,1027200
143,The Psychopath Test: A ...,Available,2,36.0,720000
144,The Project,Available,1,10.65,213000
145,The Power of Now: ...,Available,2,43.54,870800
146,The Omnivore's Dilemma: A ...,Available,2,38.21,764200
147,The Nerdy Nummies Cookbook: ...,Available,5,37.34,746800
148,The Murder of Roger ...,Available,4,44.1,882000
149,The Mistake (Off-Campus #2),Available,3,43.29,865800
150,The Matchmaker's Playbook (Wingmen ...,Available,1,55.85,1117000
151,The Love and Lemons ...,Available,2,37.6,752000
152,The Long Shadow of ...,Available,1,10.97,219400
153,The Kite Runner,Available,4,41.82,836400
154,The House by the ...,Available,1,36.95,739000
155,The Glittering Court (The ...,Available,1,44.28,885600
156,The Girl on the ...,Available,2,55.02,1100400
157,The Genius of Birds,Available,1,17.24,344799
158,The Emerald Mystery,Available,2,23.15,463000
159,The Cookies & Cups ...,Available,1,41.25,825000
160,The Bridge to Consciousness: ...,Available,3,32.0,640000
161,The Artist's Way: A ...,Available,5,38.49,769800
162,The Art of War,Available,5,33.34,666800
163,The Argonauts,Available,2,10.93,218600
164,The 10% Entrepreneur: Live ...,Available,3,27.55,551000
165,Suddenly in Love (Lake ...,Available,2,55.99,1119800
166,Something More Than This,Available,4,16.24,324799
167,Soft Apocalypse,Available,2,26.12,522400
168,So You've Been Publicly ...,Available,2,12.23,244600
169,Shoe Dog: A Memoir ...,Available,2,23.99,479799
170,"Shobu Samurai, Project Aryoku ...",Available,3,29.06,581200
171,Secrets and Lace (Fatal ...,Available,1,20.27,405400
172,Scarlett Epstein Hates It ...,Available,5,43.55,871000
173,Romero and Juliet: A ...,Available,1,36.94,738800
174,Redeeming Love,Available,5,20.47,409400
175,Poses for Artists Volume ...,Available,1,41.06,821200
176,Poems That Make Grown ...,Available,4,14.19,283800
177,"Nightingale, Sing",Available,1,38.28,765600
178,Night Sky with Exit ...,Available,1,41.05,821000
179,Mrs. Houdini,Available,5,30.25,605000
180,Modern Romance,Available,5,28.26,565200
181,Miss Peregrine’s Home for ...,Available,1,10.76,215200
182,Louisa: The Extraordinary Life ...,Available,2,16.85,337000
183,Little Red,Available,3,13.47,269400
184,Library of Souls (Miss ...,Available,5,48.56,971200
185,Large Print Heart of ...,Available,2,19.15,383000
186,I Had a Nice ...,Available,4,57.36,1147200
187,Hollow City (Miss Peregrine’s ...,Available,1,42.98,859599
188,Grumbles,Available,2,22.16,443200
189,Full Moon over Noah’s ...,Available,4,49.43,988600
190,Frostbite (Vampire Academy #2),Available,5,29.99,599800
191,Follow You Home,Available,1,21.36,427200
192,First Steps for New ...,Available,1,29.0,580000
193,Finders Keepers (Bill Hodges ...,Available,5,53.53,1070600
194,"Fables, Vol. 1: Legends ...",Available,4,41.62,832400
195,Eureka Trivia 6.0,Available,4,54.59,1091800
196,Drive: The Surprising Truth ...,Available,4,34.95,699000
197,Done Rubbed Out (Reightman ...,Available,5,37.72,754400
198,Doing It Over (Most ...,Available,3,35.61,712200
199,Deliciously Ella Every Day: ...,Available,3,42.16,843199
200,Dark Notes,Available,5,19.19,383800
201,Daring Greatly: How the ...,Available,3,19.43,388600
202,Close to You,Available,4,49.46,989200
203,Chasing Heaven: What Dying ...,Available,2,37.8,756000
204,Big Magic: Creative Living ...,Available,3,30.8,616000
205,Becoming Wise: An Inquiry ...,Available,2,27.43,548600
206,Beauty Restored (Riley Family ...,Available,2,11.11,222200
207,Batman: The Long Halloween ...,Available,2,36.5,730000
208,Batman: The Dark Knight ...,Available,5,15.38,307600
209,Ayumi's Violin,Available,2,15.48,309600
210,Anonymous,Available,4,46.82,936400
211,Amy Meets the Saints ...,Available,3,18.46,369200
212,Amid the Chaos,Available,1,36.58,731600
213,Amatus,Available,5,50.54,1010800
214,Agnostic: A Spirited Manifesto,Available,5,12.51,250200
215,Zealot: The Life and ...,Available,3,24.7,494000
216,You (You #1),Available,5,43.61,872200
217,"Wonder Woman: Earth One, ...",Available,4,37.34,746800
218,Wild Swans,Available,2,14.36,287200
219,Why the Right Went ...,Available,4,52.65,1053000
220,Whole Lotta Creativity Going ...,Available,4,38.2,764000
221,What's It Like in ...,Available,2,19.6,392000
222,"We Are Robin, Vol. ...",Available,1,53.9,1078000
223,Walt Disney's Alice in ...,Available,5,12.96,259200
224,V for Vendetta (V ...,Available,4,37.1,742000
225,Until Friday Night (The ...,Available,2,46.31,926200
226,Unbroken: A World War ...,Available,2,45.95,919000
227,Twenty Yawns,Available,2,22.08,441599
228,Through the Woods,Available,2,25.38,507600
229,This Is Where It ...,Available,2,27.12,542400
230,The Year of Magical ...,Available,2,43.04,860800
231,The Wright Brothers,Available,4,56.8,1136000
232,The White Queen (The ...,Available,5,25.91,518200
233,The Wedding Pact (The ...,Available,3,32.61,652200
234,The Time Keeper,Available,5,27.88,557600
235,The Testament of Mary,Available,4,52.67,1053400
236,The Star-Touched Queen,Available,5,46.02,920400
237,The Songs of the ...,Available,5,44.48,889599
238,The Song of Achilles,Available,5,37.4,748000
239,The Rosie Project (Don ...,Available,1,54.04,1080800
240,The Power of Habit: ...,Available,3,16.88,337600
241,The Marriage of Opposites,Available,4,28.08,561600
242,The Lucifer Effect: Understanding ...,Available,1,10.4,208000
243,The Long Haul (Diary ...,Available,1,44.07,881400
244,The Loney,Available,1,23.4,468000
245,The Literature Book (Big ...,Available,3,17.43,348600
246,The Last Mile (Amos ...,Available,2,54.21,1084200
247,The Immortal Life of ...,Available,2,40.67,813400
248,The Hidden Oracle (The ...,Available,2,52.26,1045200
249,The Help Yourself Cookbook ...,Available,3,28.77,575400
250,The Guilty (Will Robie ...,Available,2,13.82,276400
251,The First Hostage (J.B. ...,Available,3,25.85,517000
252,The Dovekeepers,Available,1,48.78,975600
253,The Darkest Lie,Available,5,35.35,707000
254,The Bane Chronicles (The ...,Available,4,44.73,894599
255,The Bad-Ass Librarians of ...,Available,1,15.77,315400
256,The 14th Colony (Cotton ...,Available,1,39.24,784800
257,That Darkness (Gardiner and ...,Available,1,13.92,278400
258,Tastes Like Fear (DI ...,Available,1,10.69,213800
259,Take Me with You,Available,3,45.21,904200
260,Swell: A Year of ...,Available,1,45.58,911600
261,Superman Vol. 1: Before ...,Available,5,11.89,237800
262,Still Life with Bread ...,Available,3,26.41,528200
263,Steve Jobs,Available,5,39.5,790000
264,Sorting the Beef from ...,Available,4,44.74,894800
265,Someone Like You (The ...,Available,5,52.79,1055800
266,"So Cute It Hurts!!, ...",Available,4,35.43,708600
267,Shtum,Available,4,55.84,1116800
268,See America: A Celebration ...,Available,3,48.87,977400
269,salt.,Available,4,46.78,935600
270,Robin War,Available,3,47.82,956400
271,"Red Hood/Arsenal, Vol. 1: ...",Available,2,25.48,509600
272,Rain Fish,Available,3,23.57,471400
273,Quarter Life Poetry: Poems ...,Available,5,50.89,1017800
274,Pet Sematary,Available,3,10.56,211200
275,"Overload: How to Unplug, ...",Available,3,52.15,1043000
276,Once Was a Time,Available,2,18.28,365600
277,Old School (Diary of ...,Available,5,11.83,236600
278,No Dream Is Too ...,Available,2,21.95,439000
279,"Naruto (3-in-1 Edition), Vol. ...",Available,2,38.39,767800
280,My Name Is Lucy ...,Available,1,41.56,831200
281,My Mrs. Brown,Available,3,24.48,489600
282,My Kind of Crazy,Available,1,40.36,807200
283,Mr. Mercedes (Bill Hodges ...,Available,1,28.9,578000
284,More Than Music (Chasing ...,Available,2,37.61,752200
285,Made to Stick: Why ...,Available,5,38.85,777000
286,Luis Paints the World,Available,3,53.95,1079000
287,Luckiest Girl Alive,Available,3,49.83,996600
288,Lowriders to the Center ...,Available,2,51.51,1030200
289,Love Is a Mix ...,Available,1,18.03,360600
290,Looking for Lovely: Collecting ...,Available,5,29.14,582800
291,Living Leadership by Insight: ...,Available,4,46.91,938199
292,Let It Out: A ...,Available,5,26.79,535800
293,Lady Midnight (The Dark ...,Available,5,16.28,325600
294,"It's All Easy: Healthy, ...",Available,1,19.55,391000
295,Island of Dragons (Unwanteds ...,Available,1,29.65,593000
296,I Know What I'm ...,Available,4,25.98,519600
297,I Am Pilgrim (Pilgrim ...,Available,4,10.6,212000
298,Hyperbole and a Half: ...,Available,5,14.75,295000
299,"Hush, Hush (Hush, Hush ...",Available,3,47.02,940400
300,Hold Your Breath (Search ...,Available,1,28.82,576400
301,Hamilton: The Revolution,Available,3,58.79,1175800
302,Greek Mythic History,Available,5,10.23,204600
303,God: The Most Unpleasant ...,Available,5,30.03,600600
304,Glory over Everything: Beyond ...,Available,3,45.84,916800
305,Feathers: Displays of Brilliant ...,Available,3,49.05,981000
306,Far & Away: Places ...,Available,4,15.06,301200
307,Every Last Word,Available,3,46.47,929400
308,Eligible (The Austen Project ...,Available,3,27.09,541800
309,El Deafo,Available,5,57.62,1152400
310,Eight Hundred Grapes,Available,4,14.39,287800
311,Eaternity: More than 150 ...,Available,5,51.75,1035000
312,"Eat Fat, Get Thin",Available,2,54.07,1081400
313,Don't Get Caught,Available,1,55.35,1107000
314,Doctor Sleep (The Shining ...,Available,2,40.12,802400
315,Demigods & Magicians: Percy ...,Available,5,37.51,750200
316,Dear Mr. Knightley,Available,5,11.21,224200
317,Daily Fantasy Sports,Available,1,36.58,731600
318,Crazy Love: Overwhelmed by ...,Available,2,47.72,954400
319,Cometh the Hour (The ...,Available,3,25.01,500200
320,Code Name Verity (Code ...,Available,4,22.13,442600
321,Clockwork Angel (The Infernal ...,Available,1,44.14,882800
322,City of Glass (The ...,Available,4,56.02,1120400
323,City of Fallen Angels ...,Available,4,11.23,224600
324,City of Bones (The ...,Available,1,43.28,865600
325,City of Ashes (The ...,Available,1,47.27,945400
326,Cell,Available,4,20.29,405800
327,Catching Jordan (Hundred Oaks),Available,3,50.83,1016600
328,"Carry On, Warrior: Thoughts ...",Available,3,31.85,637000
329,Carrie,Available,2,46.23,924599
330,Buying In: The Secret ...,Available,4,37.8,756000
331,Brain on Fire: My ...,Available,5,49.32,986400
332,Batman: Europa,Available,2,32.01,640200
333,Barefoot Contessa Back to ...,Available,1,28.01,560200
334,Barefoot Contessa at Home: ...,Available,5,50.62,1012400
335,Balloon Animals,Available,3,17.03,340600
336,Art Ops Vol. 1,Available,3,48.8,976000
337,Aristotle and Dante Discover ...,Available,4,58.14,1162800
338,Angels Walking (Angels Walking ...,Available,2,34.2,684000
339,Angels & Demons (Robert ...,Available,3,51.48,1029599
340,All the Light We ...,Available,5,29.87,597400
341,Adulthood Is a Myth: ...,Available,2,10.9,218000
342,Abstract City,Available,5,56.37,1127400
343,A Time of Torment ...,Available,5,48.35,967000
344,A Study in Scarlet ...,Available,2,16.73,334600
345,A Series of Catastrophes ...,Available,2,56.48,1129600
346,A People's History of ...,Available,2,40.79,815800
347,A Man Called Ove,Available,1,39.72,794400
348,A Distant Mirror: The ...,Available,3,14.58,291600
349,A Brush of Wings ...,Available,1,55.51,1110200
350,1491: New Revelations of ...,Available,3,21.8,436000
351,"The Three Searches, Meaning, ...",Available,3,13.33,266600
352,Searching for Meaning in ...,Available,1,38.73,774599
353,Rook,Available,4,37.86,757200
354,My Kitchen Year: 136 ...,Available,2,11.53,230600
355,13 Hours: The Inside ...,Available,1,27.06,541200
356,Will You Won't You ...,Available,3,13.86,277200
357,Tipping Point for Planet ...,Available,1,37.55,751000
358,The Star-Touched Queen,Available,5,32.3,646000
359,The Silent Sister (Riley ...,Available,5,46.29,925800
360,The Midnight Watch: A ...,Available,1,26.2,524000
361,The Lonely City: Adventures ...,Available,2,33.26,665200
362,The Gray Rhino: How ...,Available,4,59.15,1183000
363,The Golden Condom: And ...,Available,1,39.43,788600
364,The Epidemic (The Program ...,Available,5,14.44,288800
365,The Dinner Party,Available,2,56.54,1130800
366,The Diary of a ...,Available,3,59.9,1198000
367,The Children,Available,3,11.88,237600
368,Stars Above (The Lunar ...,Available,2,48.05,961000
369,Snatched: How A Drug ...,Available,3,21.21,424200
370,Raspberry Pi Electronics Projects ...,Available,4,49.67,993400
371,Quench Your Own Thirst: ...,Available,1,43.14,862800
372,Psycho: Sanitarium (Psycho #1.5),Available,5,36.97,739400
373,Poisonous (Max Revere Novels ...,Available,3,26.8,536000
374,One with You (Crossfire ...,Available,4,15.71,314200
375,No Love Allowed (Dodge ...,Available,4,54.65,1093000
376,Murder at the 42nd ...,Available,4,54.36,1087200
377,Most Wanted,Available,3,35.28,705600
378,"Love, Lies and Spies",Available,2,20.55,411000
379,How to Speak Golf: ...,Available,5,58.32,1166400
380,Hide Away (Eve Duncan ...,Available,1,11.84,236800
381,Furiously Happy: A Funny ...,Available,4,41.46,829200
382,Everyday Italian: 125 Simple ...,Available,5,20.1,402000
383,Equal Is Unfair: America's ...,Available,1,56.86,1137200
384,Eleanor & Park,Available,5,56.51,1130200
385,Dirty (Dive Bar #1),Available,4,40.83,816600
386,Can You Keep a ...,Available,1,48.64,972800
387,Boar Island (Anna Pigeon ...,Available,3,59.48,1189600
388,A Paris Apartment,Available,4,39.01,780200
389,A la Mode: 120 ...,Available,1,38.77,775400
390,Troublemaker: Surviving Hollywood and ...,Available,2,48.39,967800
391,The Widow,Available,2,27.26,545200
392,The Sleep Revolution: Transforming ...,Available,4,11.68,233600
393,The Improbability of Love,Available,1,59.45,1189000
394,The Art of Startup ...,Available,3,21.0,420000
395,Take Me Home Tonight ...,Available,3,53.98,1079600
396,Sleeping Giants (Themis Files ...,Available,1,48.74,974800
397,Setting the World on ...,Available,2,21.15,423000
398,Playing with Fire,Available,3,13.71,274200
399,Off the Hook (Fishing ...,Available,3,47.67,953400
400,Mothering Sunday,Available,2,13.34,266800
401,"Mother, Can You Not?",Available,5,16.89,337800
402,M Train,Available,1,27.18,543600
403,Lilac Girls,Available,2,17.28,345600
404,Lies and Other Acts ...,Available,1,45.14,902800
405,Lab Girl,Available,1,40.85,817000
406,Keep Me Posted,Available,4,20.46,409200
407,It Didn't Start with ...,Available,3,56.27,1125400
408,Grey (Fifty Shades #4),Available,4,48.49,969800
409,"Exit, Pursued by a ...",Available,4,51.34,1026800
410,Daredevils,Available,3,16.34,326800
411,Cravings: Recipes for What ...,Available,3,20.5,410000
412,Born for This: How ...,Available,5,21.59,431800
413,Arena,Available,4,21.36,427200
414,Adultery,Available,5,20.88,417600
415,A Mother's Reckoning: Living ...,Available,3,19.53,390600
416,A Gentleman's Position (Society ...,Available,5,14.75,295000
417,11/22/63,Available,3,48.48,969599
418,10% Happier: How I ...,Available,2,24.57,491400
419,10-Day Green Smoothie Cleanse: ...,Available,5,49.71,994200
420,Without Shame,Available,5,48.27,965400
421,Watchmen,Available,4,58.05,1161000
422,Unlimited Intuition Now,Available,4,58.87,1177400
423,Underlying Notes,Available,2,11.82,236400
424,The Shack,Available,1,28.03,560600
425,The New Brand You: ...,Available,5,44.05,881000
426,The Moosewood Cookbook: Recipes ...,Available,4,12.34,246800
427,The Flowers Lied,Available,2,16.68,333600
428,The Fabric of the ...,Available,1,55.91,1118200
429,The Book of Mormon,Available,3,24.57,491400
430,The Art and Science ...,Available,5,52.98,1059600
431,The Alien Club,Available,1,54.4,1088000
432,Suzie Snowflake: One beautiful ...,Available,5,54.81,1096200
433,Nap-a-Roo,Available,1,25.08,501599
434,NaNo What Now? Finding ...,Available,4,10.41,208200
435,Modern Day Fables,Available,2,47.44,948800
436,If I Gave You ...,Available,1,20.91,418200
437,"Fruits Basket, Vol. 9 ...",Available,4,33.95,679000
438,Dress Your Family in ...,Available,3,43.68,873600
439,Don't Forget Steven,Available,1,33.23,664599
440,Chernobyl 01:23:40: The Incredible ...,Available,2,35.92,718400
441,Art and Fear: Observations ...,Available,4,48.63,972600
442,A Shard of Ice ...,Available,3,56.63,1132600
443,A Hero's Curse (The ...,Available,3,50.49,1009800
444,23 Degrees South: A ...,Available,2,35.79,715800
445,Zero to One: Notes ...,Available,3,34.06,681200
446,Why Not Me?,Available,1,17.76,355200
447,When Breath Becomes Air,Available,2,39.36,787200
448,Vagabonding: An Uncommon Guide ...,Available,2,36.94,738800
449,The Unlikely Pilgrimage of ...,Available,5,43.62,872400
450,The New Drawing on ...,Available,3,43.02,860400
451,"The Midnight Assassin: Panic, ...",Available,4,28.45,569000
452,The Martian (The Martian ...,Available,2,41.39,827800
453,The High Mountains of ...,Available,1,51.15,1023000
454,The Grownup,Available,1,35.88,717600
455,The E-Myth Revisited: Why ...,Available,1,36.91,738199
456,South of Sunshine,Available,1,28.93,578600
457,Smarter Faster Better: The ...,Available,5,38.89,777800
458,Silence in the Dark ...,Available,3,58.33,1166600
459,Shadows of the Past ...,Available,5,39.67,793400
460,Roller Girl,Available,5,14.1,282000
461,Rising Strong,Available,3,21.82,436400
462,Proofs of God: Classical ...,Available,1,54.21,1084200
463,Please Kill Me: The ...,Available,4,31.19,623800
464,Out of Print: City ...,Available,5,53.64,1072800
465,My Life Next Door ...,Available,5,36.39,727800
466,Miller's Valley,Available,2,58.54,1170800
467,Man's Search for Meaning,Available,3,29.48,589600
468,Love That Boy: What ...,Available,2,25.06,501200
469,Living Forward: A Proven ...,Available,3,12.55,251000
470,Les Fleurs du Mal,Available,5,29.04,580800
471,Left Behind (Left Behind ...,Available,2,40.72,814400
472,Kill 'Em and Leave: ...,Available,5,45.05,901000
473,Kierkegaard: A Christian Missionary ...,Available,1,47.13,942600
474,John Vassos: Industrial Design ...,Available,4,20.22,404400
475,I'll Give You the ...,Available,1,56.48,1129600
476,I Will Find You,Available,1,44.21,884200
477,Hystopia: A Novel,Available,4,21.96,439200
478,Howl and Other Poems,Available,2,40.45,809000
479,History of Beauty,Available,4,10.29,205799
480,Heaven is for Real: ...,Available,2,52.86,1057200
481,Future Shock (Future Shock ...,Available,5,55.65,1113000
482,Ender's Game (The Ender ...,Available,1,43.64,872800
483,Diary of a Citizen ...,Available,1,28.41,568200
484,Death by Leisure: A ...,Available,4,37.51,750200
485,Brilliant Beacons: A History ...,Available,3,11.45,229000
486,Brazen: The Courage to ...,Available,2,19.22,384400
487,Between the World and ...,Available,4,56.91,1138200
488,Being Mortal: Medicine and ...,Available,4,55.06,1101200
489,A Murder Over a ...,Available,3,13.2,264000
490,32 Yolks,Available,2,53.63,1072600
491,"""Most Blessed of the ...",Available,5,44.48,889599
492,You Are a Badass: ...,Available,3,12.08,241600
493,Wildlife of New York: ...,Available,2,22.14,442800
494,What Happened on Beale ...,Available,5,25.37,507400
495,Unreasonable Hope: Finding Faith ...,Available,2,46.33,926600
496,Under the Tuscan Sun,Available,3,37.33,746600
497,Toddlers Are A**holes: It's ...,Available,1,25.55,511000
498,The Year of Living ...,Available,1,34.72,694400
499,The Whale,Available,4,35.96,719200
500,The Story of Art,Available,4,41.14,822800
501,The Origin of Species,Available,4,10.01,200200
502,The Great Gatsby,Available,4,36.05,721000
503,The Good Girl,Available,3,49.03,980600
504,The Glass Castle,Available,1,16.24,324799
505,The Faith of Christopher ...,Available,1,39.55,791000
506,The Drowning Girls,Available,3,35.67,713400
507,The Constant Princess (The ...,Available,3,16.62,332400
508,The Bourne Identity (Jason ...,Available,4,42.78,855600
509,The Bachelor Girl's Guide ...,Available,5,52.3,1046000
510,The Art Book,Available,2,32.34,646800
511,The 7 Habits of ...,Available,4,33.17,663400
512,Team of Rivals: The ...,Available,5,20.12,402400
513,Steal Like an Artist: ...,Available,2,20.9,418000
514,"Sit, Stay, Love",Available,3,20.9,418000
515,Sister Dear,Available,4,40.2,804000
516,"Shrunken Treasures: Literary Classics, ...",Available,3,52.87,1057400
517,"Rich Dad, Poor Dad",Available,1,51.74,1034800
518,Raymie Nightingale,Available,2,34.41,688199
519,Playing from the Heart,Available,1,32.38,647600
520,Nightstruck: A Novel,Available,4,50.35,1007000
521,Naturally Lean: 125 Nourishing ...,Available,5,11.38,227600
522,Meternity,Available,3,43.58,871600
523,Memoirs of a Geisha,Available,3,49.67,993400
524,Like Never Before (Walker ...,Available,2,28.77,575400
525,Life of Pi,Available,4,13.22,264400
526,Leave This Song Behind: ...,Available,5,51.17,1023400
527,King's Folly (The Kinsman ...,Available,5,39.61,792200
528,John Adams,Available,4,57.43,1148600
529,How to Cook Everything ...,Available,4,46.01,920200
530,How to Be a ...,Available,2,28.25,565000
531,Good in Bed (Cannie ...,Available,5,37.05,741000
532,"Fruits Basket, Vol. 7 ...",Available,1,19.57,391400
533,For the Love: Fighting ...,Available,3,45.13,902600
534,Finding God in the ...,Available,2,46.64,932800
535,Every Heart a Doorway ...,Available,5,12.16,243200
536,Delivering the Truth (Quaker ...,Available,4,20.89,417800
537,Counted With the Stars ...,Available,5,17.97,359400
538,"Chronicles, Vol. 1",Available,2,52.6,1052000
539,Blue Like Jazz: Nonreligious ...,Available,1,25.77,515400
540,Benjamin Franklin: An American ...,Available,3,48.19,963800
541,At The Existentialist Café: ...,Available,5,29.93,598600
542,A Summer In Europe,Available,2,44.34,886800
543,A Short History of ...,Available,5,52.4,1048000
544,A Gathering of Shadows ...,Available,4,44.81,896200
545,The Sound Of Love,Available,5,57.84,1156800
546,The Rise and Fall ...,Available,2,39.67,793400
547,The Perks of Being ...,Available,3,55.02,1100400
548,The Mysterious Affair at ...,Available,4,24.8,496000
549,The Man Who Mistook ...,Available,4,59.45,1189000
550,The Makings of a ...,Available,2,31.58,631600
551,The Joy of Cooking,Available,4,43.27,865400
552,The Invention of Wings,Available,1,37.34,746800
553,The Hobbit (Middle-Earth Universe),Available,5,17.8,356000
554,The Great Railway Bazaar,Available,1,30.54,610800
555,The Golden Compass (His ...,Available,1,18.77,375400
556,The God Delusion,Available,3,46.85,937000
557,The Girl You Left ...,Available,1,15.79,315800
558,The Fellowship of the ...,Available,2,10.27,205400
559,The Collected Poems of ...,Available,5,15.42,308400
560,The Barefoot Contessa Cookbook,Available,5,59.92,1198400
561,Tell the Wolves I'm ...,Available,2,50.96,1019200
562,Ship Leaves Harbor: Essays ...,Available,3,30.6,612000
563,Pride and Prejudice,Available,4,19.27,385400
564,Musicophilia: Tales of Music ...,Available,1,46.58,931600
565,Mere Christianity,Available,3,48.51,970200
566,Me Before You (Me ...,Available,1,19.02,380400
567,In the Woods (Dublin ...,Available,2,38.38,767600
568,In Cold Blood,Available,4,49.98,999599
569,How to Stop Worrying ...,Available,5,46.49,929800
570,Give It Back,Available,2,18.32,366400
571,"Girl, Interrupted",Available,3,42.14,842800
572,Fun Home: A Family ...,Available,4,56.59,1131800
573,"Fruits Basket, Vol. 6 ...",Available,4,20.96,419200
574,Deception Point,Available,4,40.32,806400
575,"Death Note, Vol. 6: ...",Available,3,36.39,727800
576,Catherine the Great: Portrait ...,Available,4,58.55,1171000
577,Better Homes and Gardens ...,Available,3,39.61,792200
578,An Unquiet Mind: A ...,Available,3,21.3,426000
579,A Year in Provence ...,Available,4,56.88,1137600
580,World Without End (The ...,Available,4,32.97,659400
581,"Will Grayson, Will Grayson ...",Available,4,47.31,946200
582,Why Save the Bankers?: ...,Available,2,48.67,973400
583,Where She Went (If ...,Available,4,41.73,834599
584,What If?: Serious Scientific ...,Available,4,53.68,1073600
585,Two Summers,Available,1,14.64,292800
586,This Is Your Brain ...,Available,1,38.4,768000
587,The Secret Garden,Available,4,15.08,301600
588,The Raven King (The ...,Available,2,30.57,611400
589,The Raven Boys (The ...,Available,4,57.74,1154800
590,The Power Greens Cookbook: ...,Available,5,11.05,221000
591,The Metamorphosis,Available,1,28.58,571600
592,The Mathews Men: Seven ...,Available,5,42.91,858199
593,The Little Paris Bookshop,Available,3,24.73,494600
594,The Hiding Place,Available,4,55.91,1118200
595,The Grand Design,Available,3,13.76,275200
596,The Firm,Available,3,45.56,911200
597,The Fault in Our ...,Available,1,47.22,944400
598,The False Prince (The ...,Available,5,56.0,1120000
599,The Expatriates,Available,2,44.58,891600
600,The Dream Thieves (The ...,Available,1,34.5,690000
601,The Darkest Corners,Available,5,11.33,226600
602,The Crossover,Available,4,38.77,775400
603,The 5th Wave (The ...,Available,2,11.83,236600
604,Tell the Wind and ...,Available,3,45.51,910200
605,Tell Me Three Things,Available,1,41.81,836200
606,Talking to Girls About ...,Available,4,25.15,503000
607,Siddhartha,Available,5,34.22,684400
608,Shiver (The Wolves of ...,Available,5,16.23,324600
609,Remember Me?,Available,3,11.48,229600
610,Red Dragon (Hannibal Lecter ...,Available,3,23.37,467400
611,Peak: Secrets from the ...,Available,2,16.28,325600
612,My Mother Was Nuts,Available,4,31.63,632600
613,Mexican Today: New and ...,Available,5,24.91,498200
614,Maybe Something Beautiful: How ...,Available,1,22.54,450800
615,Lola and the Boy ...,Available,4,23.63,472600
616,Logan Kade (Fallen Crest ...,Available,2,13.12,262400
617,Last One Home (New ...,Available,3,59.98,1199600
618,Killing Floor (Jack Reacher ...,Available,4,31.49,629800
619,Kill the Boy Band,Available,5,15.52,310400
620,Isla and the Happily ...,Available,5,48.13,962600
621,If I Stay (If ...,Available,5,38.13,762600
622,I Know Why the ...,Available,2,36.55,731000
623,Harry Potter and the ...,Available,1,23.32,466400
624,"Fruits Basket, Vol. 5 ...",Available,1,16.33,326599
625,Foundation (Foundation (Publication Order) ...,Available,1,32.42,648400
626,Fool Me Once,Available,1,16.96,339200
627,Find Her (Detective D.D. ...,Available,1,22.37,447400
628,Evicted: Poverty and Profit ...,Available,1,42.27,845400
629,Drama,Available,2,38.7,774000
630,Dracula the Un-Dead,Available,5,35.63,712600
631,Digital Fortress,Available,5,58.0,1160000
632,"Death Note, Vol. 5: ...",Available,1,52.41,1048199
633,"Data, A Love Story: ...",Available,3,32.35,647000
634,Critique of Pure Reason,Available,1,20.75,415000
635,Booked,Available,5,17.49,349799
636,"Blue Lily, Lily Blue ...",Available,5,34.13,682600
637,Approval Junkie: Adventures in ...,Available,5,58.81,1176200
638,An Abundance of Katherines,Available,5,10.0,200000
639,America's War for the ...,Available,2,51.22,1024400
640,Alight (The Generations Trilogy ...,Available,4,58.59,1171800
641,A Girl's Guide to ...,Available,1,31.3,626000
642,A Game of Thrones ...,Available,2,46.42,928400
643,A Feast for Crows ...,Available,4,17.21,344200
644,A Clash of Kings ...,Available,3,10.79,215799
645,Vogue Colors A to ...,Available,4,52.35,1047000
646,The Shining (The Shining ...,Available,3,27.88,557600
647,The Pilgrim's Progress,Available,2,50.26,1005200
648,The Perfect Play (Play ...,Available,3,59.99,1199800
649,The Passion of Dolssa,Available,5,28.32,566400
650,The Jazz of Physics: ...,Available,3,38.71,774200
651,The Hunger Games (The ...,Available,5,29.85,597000
652,The Hound of the ...,Available,2,14.82,296400
653,The Gunning of America: ...,Available,4,16.81,336200
654,The Geography of Bliss: ...,Available,2,28.23,564600
655,The Demonists (Demonist #1),Available,2,52.11,1042200
656,The Demon Prince of ...,Available,2,27.88,557600
657,The Bone Hunters (Lexy ...,Available,3,59.71,1194200
658,The Beast (Black Dagger ...,Available,5,46.08,921600
659,Some Women,Available,5,13.73,274600
660,Shopaholic Ties the Knot ...,Available,5,48.39,967800
661,Paper and Fire (The ...,Available,5,49.45,989000
662,Outlander (Outlander #1),Available,5,19.67,393400
663,Orchestra of Exiles: The ...,Available,3,12.36,247200
664,No One Here Gets ...,Available,5,20.02,400400
665,Night Shift (Night Shift ...,Available,4,12.75,255000
666,Needful Things,Available,4,47.51,950200
667,Mockingjay (The Hunger Games ...,Available,4,20.44,408800
668,Misery,Available,2,34.79,695800
669,Little Women (Little Women ...,Available,4,28.07,561400
670,It,Available,3,25.01,500200
671,Harry Potter and the ...,Available,3,13.9,278000
672,Harry Potter and the ...,Available,4,24.17,483400
673,Harry Potter and the ...,Available,4,31.63,632600
674,Harry Potter and the ...,Available,5,48.75,975000
675,Harry Potter and the ...,Available,1,14.74,294800
676,Gone with the Wind,Available,3,32.49,649800
677,God Is Not Great: ...,Available,1,27.8,556000
678,Girl With a Pearl ...,Available,1,26.77,535400
679,"Fruits Basket, Vol. 4 ...",Available,4,50.44,1008800
680,Far From True (Promise ...,Available,2,34.93,698600
681,Dark Lover (Black Dagger ...,Available,1,12.87,257399
682,Confessions of a Shopaholic ...,Available,2,48.94,978800
683,Changing the Game (Play ...,Available,3,13.38,267600
684,Candide,Available,3,58.63,1172600
685,Can You Keep a ...,Available,1,21.94,438800
686,Atlas Shrugged,Available,5,26.58,531600
687,Animal Farm,Available,3,57.22,1144400
688,A Walk to Remember,Available,1,56.43,1128600
689,A New Earth: Awakening ...,Available,5,55.65,1113000
690,A History of God: ...,Available,1,27.62,552400
691,'Salem's Lot,Available,4,49.56,991200
692,Zero History (Blue Ant ...,Available,1,34.77,695400
693,Wuthering Heights,Available,3,17.73,354600
694,World War Z: An ...,Available,1,21.8,436000
695,Wild: From Lost to ...,Available,3,46.02,920400
696,"Where'd You Go, Bernadette",Available,1,18.13,362600
697,When You Are Engulfed ...,Available,5,30.89,617800
698,We the People: The ...,Available,3,31.95,639000
699,We Are All Completely ...,Available,1,24.04,480800
700,Walk the Edge (Thunder ...,Available,3,32.36,647200
701,Voyager (Outlander #3),Available,5,21.07,421400
702,Very Good Lives: The ...,Available,3,50.66,1013199
703,Vegan Vegetarian Omnivore: Dinner ...,Available,2,13.66,273200
704,"Unstuffed: Decluttering Your Home, ...",Available,1,58.09,1161800
705,Under the Banner of ...,Available,1,30.0,600000
706,Two Boys Kissing,Available,2,32.74,654800
707,Twilight (Twilight #1),Available,2,41.93,838600
708,Twenties Girl,Available,2,42.8,856000
709,Trespassing Across America: One ...,Available,1,53.51,1070200
710,Three-Martini Lunch,Available,3,23.21,464200
711,"Thinking, Fast and Slow",Available,1,21.14,422800
712,The Wild Robot,Available,3,56.07,1121400
713,The Wicked + The ...,Available,3,14.41,288200
714,The Undomestic Goddess,Available,4,45.75,915000
715,The Travelers,Available,1,15.77,315400
716,The Tipping Point: How ...,Available,2,10.02,200400
717,The Thing About Jellyfish,Available,1,48.77,975400
718,The Stand,Available,2,57.86,1157200
719,The Smitten Kitchen Cookbook,Available,1,23.59,471800
720,The Silkworm (Cormoran Strike ...,Available,5,23.05,461000
721,"The Sandman, Vol. 3: ...",Available,5,55.55,1111000
722,The Rose & the ...,Available,4,58.64,1172800
723,The Road to Little ...,Available,1,23.21,464200
724,The Rise of Theodore ...,Available,3,42.57,851400
725,The Restaurant at the ...,Available,1,10.92,218400
726,The Rest Is Noise: ...,Available,1,34.77,695400
727,The Red Tent,Available,5,35.66,713199
728,The Purpose Driven Life: ...,Available,3,37.19,743800
729,The Purest Hook (Second ...,Available,1,12.25,245000
730,The Picture of Dorian ...,Available,2,29.7,594000
731,The Paris Wife,Available,3,36.8,736000
732,The Obsession,Available,1,45.43,908600
733,The Nightingale,Available,4,26.26,525200
734,The New Guy (and ...,Available,3,44.92,898400
735,The Nanny Diaries (Nanny ...,Available,5,52.53,1050600
736,The Name of God ...,Available,2,37.25,745000
737,The Maze Runner (The ...,Available,1,20.93,418600
738,The Lover's Dictionary,Available,2,58.09,1161800
739,The Lonely Ones,Available,5,43.59,871800
740,The Lean Startup: How ...,Available,3,33.92,678400
741,The Last Painting of ...,Available,2,55.55,1111000
742,"The Land of 10,000 ...",Available,4,29.64,592800
743,The Infinities,Available,1,27.41,548200
744,The Husband's Secret,Available,5,52.51,1050200
745,The Hitchhiker's Guide to ...,Available,3,47.8,956000
746,The Guns of August,Available,2,14.54,290800
747,The Guernsey Literary and ...,Available,1,49.53,990600
748,The Goldfinch,Available,3,43.58,871600
749,The Giver (The Giver ...,Available,1,12.3,246000
750,The Girl with All ...,Available,3,49.47,989400
751,The Girl Who Played ...,Available,2,22.14,442800
752,The Girl Who Kicked ...,Available,1,57.48,1149600
753,The Exiled,Available,3,43.45,869000
754,The End of Faith: ...,Available,4,22.13,442600
755,"The Elegant Universe: Superstrings, ...",Available,4,13.03,260600
756,The Disappearing Spoon: And ...,Available,5,57.35,1147000
757,The Devil Wears Prada ...,Available,1,44.29,885800
758,The Demon-Haunted World: Science ...,Available,4,52.25,1045000
759,The Day the Crayons ...,Available,5,26.33,526600
760,The Da Vinci Code ...,Available,2,22.96,459200
761,The Cuckoo's Calling (Cormoran ...,Available,1,19.21,384200
762,The Complete Stories and ...,Available,4,26.78,535600
763,The Complete Poems,Available,5,41.32,826400
764,The Catcher in the ...,Available,1,24.55,491000
765,The Cat in the ...,Available,2,16.26,325200
766,The Case for Christ ...,Available,1,47.84,956800
767,The Book Thief,Available,2,53.49,1069800
768,The Book of Basketball: ...,Available,5,44.84,896800
769,The Blind Side: Evolution ...,Available,5,53.71,1074200
770,The Autobiography of Malcolm ...,Available,2,23.43,468600
771,The Art of Simple ...,Available,3,34.32,686400
772,The Art of Fielding,Available,1,22.1,442000
773,"Surely You're Joking, Mr. ...",Available,2,25.83,516599
774,Stiff: The Curious Lives ...,Available,3,36.74,734800
775,Spilled Milk: Based on ...,Available,1,49.51,990200
776,Something Borrowed (Darcy & ...,Available,5,48.96,979200
777,Something Blue (Darcy & ...,Available,1,54.62,1092400
778,Soldier (Talon #3),Available,2,24.72,494400
779,Shopaholic & Baby (Shopaholic ...,Available,2,46.45,929000
780,Seven Days in the ...,Available,2,52.33,1046600
781,Seven Brief Lessons on ...,Available,4,30.6,612000
782,Scarlet (The Lunar Chronicles ...,Available,4,14.57,291400
783,Sarah's Key,Available,1,46.29,925800
784,"Saga, Volume 3 (Saga ...",Available,5,21.57,431400
785,Running with Scissors,Available,4,12.91,258200
786,Rogue Lawyer (Rogue Lawyer ...,Available,3,50.11,1002200
787,Rise of the Rocket ...,Available,4,41.67,833400
788,Rework,Available,2,44.88,897600
789,Reservations for Two,Available,3,11.1,222000
790,Red: The True Story ...,Available,3,28.54,570800
791,Ready Player One,Available,4,19.07,381400
792,Quiet: The Power of ...,Available,1,43.55,871000
793,Prodigy: The Graphic Novel ...,Available,3,43.63,872600
794,Persepolis: The Story of ...,Available,1,39.13,782600
795,Packing for Mars: The ...,Available,2,56.68,1133600
796,Outliers: The Story of ...,Available,1,14.16,283200
797,Original Fake,Available,3,31.45,629000
798,Orange Is the New ...,Available,2,24.61,492200
799,One for the Money ...,Available,2,32.87,657400
800,Notes from a Small ...,Available,1,40.17,803400
801,Night (The Night Trilogy ...,Available,1,13.51,270200
802,Neither Here nor There: ...,Available,3,38.95,779000
803,Naked,Available,3,31.69,633800
804,Morning Star (Red Rising ...,Available,1,29.4,588000
805,Miracles from Heaven: A ...,Available,1,57.83,1156600
806,Midnight Riot (Peter Grant/ ...,Available,2,55.46,1109200
807,Me Talk Pretty One ...,Available,2,57.6,1152000
808,Manuscript Found in Accra,Available,2,34.98,699599
809,Lust & Wonder,Available,2,11.87,237399
810,Lila (Gilead #3),Available,3,12.47,249400
811,"Life, the Universe and ...",Available,2,33.26,665200
812,Life Without a Recipe,Available,5,59.04,1180800
813,Life After Life,Available,2,26.13,522600
814,Letter to a Christian ...,Available,1,22.2,444000
815,Let's Pretend This Never ...,Available,1,45.11,902200
816,Legend (Legend #1),Available,4,43.69,873800
817,"Lean In: Women, Work, ...",Available,1,25.02,500400
818,Lamb: The Gospel According ...,Available,5,55.5,1110000
819,Lady Renegades (Rebel Belle ...,Available,5,53.04,1060800
820,Jurassic Park (Jurassic Park ...,Available,1,44.97,899400
821,It's Never Too Late ...,Available,1,42.38,847600
822,Is Everyone Hanging Out ...,Available,3,20.11,402200
823,Into the Wild,Available,5,56.7,1134000
824,Inferno (Robert Langdon #4),Available,5,41.0,820000
825,In the Garden of ...,Available,3,28.85,577000
826,If I Run (If ...,Available,4,49.97,999400
827,I've Got Your Number,Available,1,19.69,393800
828,I Am Malala: The ...,Available,2,28.88,577600
829,Hungry Girl Clean & ...,Available,3,33.14,662800
830,House of Lost Worlds: ...,Available,2,43.7,874000
831,House of Leaves,Available,1,54.89,1097800
832,Horrible Bear!,Available,2,37.52,750400
833,Holidays on Ice,Available,2,51.07,1021400
834,Heir to the Sky,Available,4,44.07,881400
835,Green Eggs and Ham ...,Available,4,10.79,215799
836,"Grayson, Vol 3: Nemesis ...",Available,1,42.72,854400
837,Gratitude,Available,5,26.66,533200
838,Gone Girl,Available,5,37.6,752000
839,Golden (Heart of Dread ...,Available,4,42.21,844200
840,Girl in the Blue ...,Available,2,46.83,936600
841,"Fruits Basket, Vol. 3 ...",Available,2,45.17,903400
842,Friday Night Lights: A ...,Available,3,51.22,1024400
843,Fire Bound (Sea Haven/Sisters ...,Available,4,21.28,425600
844,Fifty Shades Freed (Fifty ...,Available,5,15.36,307200
845,Fellside,Available,1,38.62,772400
846,Extreme Prey (Lucas Davenport ...,Available,3,25.4,508000
847,Eragon (The Inheritance Cycle ...,Available,3,43.87,877400
848,Eclipse (Twilight #3),Available,1,18.74,374799
849,Dune (Dune #1),Available,1,54.86,1097200
850,Dracula,Available,3,52.62,1052400
851,Do Androids Dream of ...,Available,1,51.48,1029599
852,Disrupted: My Misadventure in ...,Available,5,15.28,305600
853,Dead Wake: The Last ...,Available,5,39.24,784800
854,"David and Goliath: Underdogs, ...",Available,1,17.81,356200
855,Darkfever (Fever #1),Available,1,56.02,1120400
856,Dark Places,Available,5,23.9,478000
857,Crazy Rich Asians (Crazy ...,Available,5,49.13,982600
858,Counting Thyme,Available,1,10.62,212399
859,Cosmos,Available,2,36.17,723400
860,Civilization and Its Discontents,Available,2,59.95,1199000
861,Cinder (The Lunar Chronicles ...,Available,1,26.09,521800
862,Catastrophic Happiness: Finding Joy ...,Available,2,37.35,747000
863,Career of Evil (Cormoran ...,Available,2,24.72,494400
864,Breaking Dawn (Twilight #4),Available,5,35.28,705600
865,Brave Enough,Available,5,51.32,1026400
866,Boy Meets Boy,Available,3,21.12,422400
867,Born to Run: A ...,Available,2,27.35,547000
868,Blink: The Power of ...,Available,5,21.74,434799
869,Black Flags: The Rise ...,Available,1,40.87,817400
870,"Black Butler, Vol. 1 ...",Available,1,49.31,986200
871,Big Little Lies,Available,1,22.11,442200
872,Between Shades of Gray,Available,5,20.79,415800
873,Best of My Love ...,Available,2,27.41,548200
874,Beowulf,Available,2,38.35,767000
875,Beautiful Creatures (Caster Chronicles ...,Available,5,21.55,431000
876,Awkward,Available,2,38.02,760400
877,Ash,Available,4,22.06,441200
878,Are We There Yet?,Available,3,10.66,213200
879,Are We Smart Enough ...,Available,1,56.58,1131600
880,Annie on My Mind,Available,5,36.83,736600
881,And Then There Were ...,Available,2,35.01,700200
882,A Walk in the ...,Available,4,30.48,609600
883,A Visit from the ...,Available,5,14.08,281600
884,A Storm of Swords ...,Available,2,31.22,624400
885,A Heartbreaking Work of ...,Available,5,54.29,1085800
886,8 Keys to Mental ...,Available,1,31.04,620800
887,#GIRLBOSS,Available,1,50.96,1019200
888,The Suffragettes (Little Black ...,Available,2,11.89,237800
889,The Sense of an ...,Available,3,31.38,627600
890,"The Sandman, Vol. 2: ...",Available,1,54.81,1096200
891,The Course of Love,Available,3,16.78,335600
892,Sugar Rush (Offensive Line ...,Available,1,24.42,488400
893,"Saga, Volume 2 (Saga ...",Available,3,11.75,235000
894,"Run, Spot, Run: The ...",Available,1,20.02,400400
895,New Moon (Twilight #2),Available,4,12.86,257200
896,Life,Available,5,31.58,631600
897,Kindle Paperwhite User's Guide,Available,3,34.0,680000
898,H is for Hawk,Available,5,57.42,1148400
899,Girl Online On Tour ...,Available,1,53.47,1069400
900,"Fruits Basket, Vol. 2 ...",Available,5,11.64,232800
901,Diary of a Minecraft ...,Available,4,52.88,1057600
902,"Y: The Last Man, ...",Available,4,18.51,370200
903,While You Were Mine,Available,5,41.32,826400
904,Where Lightning Strikes (Bleeding ...,Available,3,39.77,795400
905,When I'm Gone,Available,3,51.96,1039200
906,Ways of Seeing,Available,5,39.51,790200
907,"Vampire Knight, Vol. 1 ...",Available,1,15.4,308000
908,Vampire Girl (Vampire Girl ...,Available,2,53.82,1076400
909,Twenty Love Poems and ...,Available,4,30.95,619000
910,Travels with Charley: In ...,Available,5,57.82,1156400
911,Three Wishes (River of ...,Available,2,44.18,883600
912,This One Moment (Pushing ...,Available,1,48.71,974200
913,The Zombie Room,Available,5,19.69,393800
914,The Wicked + The ...,Available,2,36.52,730400
915,The Tumor,Available,5,41.56,831200
916,The Story of Hong ...,Available,4,43.19,863800
917,The Silent Wife,Available,5,12.34,246800
918,The Silent Twin (Detective ...,Available,3,36.25,725000
919,The Selfish Gene,Available,1,29.45,589000
920,The Secret Healer,Available,3,34.56,691200
921,"The Sandman, Vol. 1: ...",Available,3,54.12,1082400
922,The Republic,Available,3,33.78,675600
923,The Odyssey,Available,3,29.64,592800
924,The No. 1 Ladies' ...,Available,4,57.7,1154000
925,The Nicomachean Ethics,Available,1,36.34,726800
926,The Name of the ...,Available,3,50.59,1011800
927,The Mirror & the ...,Available,1,29.38,587600
928,The Little Prince,Available,2,45.42,908400
929,The Light of the ...,Available,1,54.43,1088600
930,The Last Girl (The ...,Available,2,36.26,725200
931,The Iliad,Available,1,16.16,323200
932,The Hook Up (Game ...,Available,5,36.29,725800
933,The Haters,Available,5,27.89,557800
934,The Girl You Lost,Available,5,12.29,245799
935,The Girl In The ...,Available,3,15.85,317000
936,The End of the ...,Available,1,14.4,288000
937,The Edge of Reason ...,Available,4,19.18,383600
938,The Complete Maus (Maus ...,Available,3,10.64,212800
939,The Communist Manifesto,Available,3,14.76,295200
940,The Bhagavad Gita,Available,3,57.49,1149800
941,The Bette Davis Club,Available,3,30.66,613200
942,The Art of Not ...,Available,4,40.83,816600
943,Taking Shots (Assassins #1),Available,2,18.88,377600
944,Starlark,Available,3,25.83,516599
945,"Skip Beat!, Vol. 01 ...",Available,3,42.12,842400
946,Sister Sable (The Mad ...,Available,3,13.33,266600
947,Shatter Me (Shatter Me ...,Available,1,42.4,848000
948,Shameless,Available,3,58.35,1167000
949,Shadow Rites (Jane Yellowrock ...,Available,4,21.72,434400
950,Settling the Score (The ...,Available,2,44.91,898199
951,Sense and Sensibility,Available,1,37.46,749200
952,"Saga, Volume 1 (Saga ...",Available,1,28.48,569600
953,"Rhythm, Chord & Malykhin",Available,2,28.34,566800
954,"Rat Queens, Vol. 1: ...",Available,5,46.96,939200
955,Paradise Lost (Paradise #1),Available,1,24.96,499200
956,"Paper Girls, Vol. 1 ...",Available,4,21.71,434200
957,Ouran High School Host ...,Available,3,29.87,597400
958,Origins (Alphas 0.5),Available,1,28.99,579800
959,One Second (Seven #7),Available,2,52.94,1058800
960,On the Road (Duluoz ...,Available,3,32.36,647200
961,Old Records Never Die: ...,Available,2,55.66,1113200
962,Off Sides (Off #1),Available,5,39.45,789000
963,Of Mice and Men,Available,2,47.11,942200
964,Myriad (Prentor #1),Available,4,58.75,1175000
965,My Perfect Mistake (Over ...,Available,2,38.92,778400
966,"Ms. Marvel, Vol. 1: ...",Available,4,39.39,787800
967,Meditations,Available,2,25.89,517800
968,Matilda,Available,1,28.34,566800
969,Lost Among the Living,Available,4,27.7,554000
970,Lord of the Flies,Available,3,24.89,497800
971,Listen to Me (Fusion ...,Available,3,58.99,1179800
972,Kitchens of the Great ...,Available,5,57.2,1144000
973,Jane Eyre,Available,5,38.43,768600
974,Imperfect Harmony,Available,4,34.74,694800
975,Icing (Aces Hockey #2),Available,4,40.44,808800
976,"Hawkeye, Vol. 1: My ...",Available,3,45.24,904800
977,Having the Barbarian's Baby ...,Available,4,34.96,699200
978,"Giant Days, Vol. 1 ...",Available,4,56.76,1135200
979,"Fruits Basket, Vol. 1 ...",Available,5,40.28,805600
980,Frankenstein,Available,2,38.0,760000
981,Forever Rockers (The Rocker ...,Available,3,28.8,576000
982,Fighting Fate (Fighting #6),Available,3,39.24,784800
983,Emma,Available,2,32.93,658600
984,"Eat, Pray, Love",Available,3,51.32,1026400
985,Deep Under (Walker Security ...,Available,5,47.09,941800
986,Choosing Our Religion: The ...,Available,4,28.42,568400
987,Charlie and the Chocolate ...,Available,3,22.85,457000
988,Charity's Cross (Charles Towne ...,Available,1,41.24,824800
989,Bright Lines,Available,5,39.07,781400
990,Bridget Jones's Diary (Bridget ...,Available,1,29.82,596400
991,Bounty (Colorado Mountain #7),Available,4,37.26,745200
992,Blood Defense (Samantha Brinkman ...,Available,3,20.3,406000
993,"Bleach, Vol. 1: Strawberry ...",Available,5,34.65,693000
994,Beyond Good and Evil,Available,1,43.38,867600
995,Alice in Wonderland (Alice's ...,Available,1,55.53,1110600
996,"Ajin: Demi-Human, Volume 1 ...",Available,4,57.06,1141200
997,A Spy's Devotion (The ...,Available,5,16.97,339400
998,1st to Die (Women's ...,Available,1,53.98,1079600
999,"1,000 Places to See ...",Available,5,26.08,521599
